,keywords,number_of_times_word_appeared,tf,idf,tf_idf
754,in,346,0.013970202285298987,-5.846438775057725,-0.08167593233617204
930,at,246,0.009932571567004481,-5.5053315359323625,-0.054682099480734894
368,on,243,0.009811442645455647,-5.493061443340548,-0.0538948572992996
755,re,233,0.009407679573626196,-5.4510384535657,-0.05128162311466096
844,an,191,0.007711874671942504,-5.25227342804663,-0.040504874419869434
148,to,179,0.007227358985747163,-5.187385805840755,-0.03749109941638047
305,or,167,0.006742843299551823,-5.117993812416755,-0.034509830285202006
3,the,153,0.006177574998990592,-5.030437921392435,-0.031075907537168112
312,as,152,0.006137198691807648,-5.0238805208462765,-0.030832552960335692
463,Java,126,0.005087414705051076,-4.836281906951478,-0.02460417169119741
331,it,114,0.004602899018855735,-4.736198448394496,-0.02180024319122108
902,is,110,0.004441393790123955,-4.700480365792417,-0.020876684307230015
213,int,95,0.0038357491823797795,-4.553876891600541,-0.017467529563614945
626,of,73,0.0029474704243549884,-4.290459441148391,-0.012646002309679515
836,and,71,0.0028667178099890983,-4.2626798770413155,-0.012219900321796479
904,com,64,0.002584083659708483,-4.1588830833596715,-0.01074690181834776
593,all,60,0.002422578430976703,-4.0943445622221,-0.009918870825426012
224,are,60,0.002422578430976703,-4.0943445622221,-0.009918870825426012
285,no,58,0.002341825816610813,-4.060443010546419,-0.009508850268974535
19,hi,56,0.002261073202244923,-4.02535169073515,-0.009101614837532539
68,new,52,0.0020995679735131426,-3.951243718581427,-0.008295904767078541
69,The,50,0.0020188153591472525,-3.912023005428146,-0.007897652128695736
842,obj,50,0.0020188153591472525,-3.912023005428146,-0.007897652128695736
515,for,50,0.0020188153591472525,-3.912023005428146,-0.007897652128695736
87,Basics,49,0.0019784390519643072,-3.891820298110627,-0.007699729261009436
524,object,47,0.0018976864375984173,-3.8501476017100584,-0.007306372886517251
956,you,46,0.0018573101304154723,-3.828641396489095,-0.0071109744514272375
455,be,46,0.0018573101304154723,-3.828641396489095,-0.0071109744514272375
778,code,43,0.0017361812088666371,-3.7612001156935624,-0.006530124963654184
972,But,42,0.001695804901683692,-3.7376696182833684,-0.006338358459559151
400,Button,41,0.001655428594500747,-3.713572066704308,-0.006147553386961547
268,class,40,0.001615052287317802,-3.6888794541139363,-0.005957733200006358
32,applet,38,0.001534299672951912,-3.6375861597263857,-0.005581147255202595
878,method,38,0.001534299672951912,-3.6375861597263857,-0.005581147255202595
99,not,36,0.0014535470585860218,-3.58351893845611,-0.005208813412380182
555,do,33,0.0013324181370371866,-3.4965075614664802,-0.0046588100911856035
497,use,32,0.0012920418298542416,-3.4657359027997265,-0.004477875757644901
668,data,31,0.0012516655226712965,-3.4339872044851463,-0.004298203389148445
1009,Data,31,0.0012516655226712965,-3.4339872044851463,-0.004298203389148445
819,that,30,0.0012112892154883515,-3.4011973816621555,-0.004119833708154588
91,by,30,0.0012112892154883515,-3.4011973816621555,-0.004119833708154588
594,array,28,0.0011305366011224614,-3.332204510175204,-0.003767179161178411
579,if,28,0.0011305366011224614,-3.332204510175204,-0.003767179161178411
186,All,28,0.0011305366011224614,-3.332204510175204,-0.003767179161178411
158,call,27,0.0010901602939395163,-3.295836866004329,-0.003592990486619974
563,your,27,0.0010901602939395163,-3.295836866004329,-0.003592990486619974
161,serve,25,0.0010094076795736262,-3.2188758248682006,-0.0032491579772158524
522,public,24,0.0009690313723906812,-3.1780538303479458,-0.003079633864753531
624,Rights,23,0.0009286550652077361,-3.1354942159291497,-0.002911792585552164
680,In,23,0.0009286550652077361,-3.1354942159291497,-0.002911792585552164
939,Reserved,23,0.0009286550652077361,-3.1354942159291497,-0.002911792585552164
958,jGuru,23,0.0009286550652077361,-3.1354942159291497,-0.002911792585552164
571,refer,22,0.0008882787580247911,-3.0910424533583156,-0.002745707351471028
934,objects,22,0.0008882787580247911,-3.0910424533583156,-0.002745707351471028
591,point,22,0.0008882787580247911,-3.0910424533583156,-0.002745707351471028
239,program,21,0.000847902450841846,-3.044522437723423,-0.002581458036588682
774,type,20,0.000807526143658901,-2.995732273553991,-0.002419132130297566
988,String,20,0.000807526143658901,-2.995732273553991,-0.002419132130297566
240,example,19,0.000767149836475956,-2.9444389791664407,-0.0022588258813809655
404,one,19,0.000767149836475956,-2.9444389791664407,-0.0022588258813809655
475,pre,19,0.000767149836475956,-2.9444389791664407,-0.0022588258813809655
95,init,19,0.000767149836475956,-2.9444389791664407,-0.0022588258813809655
780,Applet,19,0.000767149836475956,-2.9444389791664407,-0.0022588258813809655
968,comment,18,0.0007267735292930109,-2.890371757896165,-0.00210064568345504
221,here,18,0.0007267735292930109,-2.890371757896165,-0.00210064568345504
427,ack,17,0.0006863972221100658,-2.833213344056216,-0.001944709769005357
729,define,16,0.0006460209149271208,-2.772588722239781,-0.0017911503030579603
992,so,16,0.0006460209149271208,-2.772588722239781,-0.0017911503030579603
47,allocate,16,0.0006460209149271208,-2.772588722239781,-0.0017911503030579603
149,pointer,16,0.0006460209149271208,-2.772588722239781,-0.0017911503030579603
168,void,15,0.0006056446077441757,-2.70805020110221,-0.0016401160017980843
625,For,15,0.0006056446077441757,-2.70805020110221,-0.0016401160017980843
132,return,15,0.0006056446077441757,-2.70805020110221,-0.0016401160017980843
378,ten,14,0.0005652683005612307,-2.639057329615259,-0.001491775451795277
510,language,14,0.0005652683005612307,-2.639057329615259,-0.001491775451795277
6,memory,14,0.0005652683005612307,-2.639057329615259,-0.001491775451795277
500,This,14,0.0005652683005612307,-2.639057329615259,-0.001491775451795277
371,reference,14,0.0005652683005612307,-2.639057329615259,-0.001491775451795277
633,const,14,0.0005652683005612307,-2.639057329615259,-0.001491775451795277
202,but,13,0.0005248919933782856,-2.5649493574615367,-0.001346321381152339
857,port,13,0.0005248919933782856,-2.5649493574615367,-0.001346321381152339
1006,run,13,0.0005248919933782856,-2.5649493574615367,-0.001346321381152339
672,element,13,0.0005248919933782856,-2.5649493574615367,-0.001346321381152339
464,can,13,0.0005248919933782856,-2.5649493574615367,-0.001346321381152339
245,types,13,0.0005248919933782856,-2.5649493574615367,-0.001346321381152339
494,make,13,0.0005248919933782856,-2.5649493574615367,-0.001346321381152339
689,string,12,0.0004845156861953406,-2.4849066497880004,-0.001203976250553398
619,param,12,0.0004845156861953406,-2.4849066497880004,-0.001203976250553398
118,with,12,0.0004845156861953406,-2.4849066497880004,-0.001203976250553398
892,comments,12,0.0004845156861953406,-2.4849066497880004,-0.001203976250553398
270,No,12,0.0004845156861953406,-2.4849066497880004,-0.001203976250553398
503,time,12,0.0004845156861953406,-2.4849066497880004,-0.001203976250553398
421,operator,12,0.0004845156861953406,-2.4849066497880004,-0.001203976250553398
526,has,12,0.0004845156861953406,-2.4849066497880004,-0.001203976250553398
66,may,12,0.0004845156861953406,-2.4849066497880004,-0.001203976250553398
425,null,12,0.0004845156861953406,-2.4849066497880004,-0.001203976250553398
282,end,11,0.00044413937901239555,-2.3978952727983707,-0.0010649997173974271
846,up,11,0.00044413937901239555,-2.3978952727983707,-0.0010649997173974271
185,methods,11,0.00044413937901239555,-2.3978952727983707,-0.0010649997173974271
670,browser,11,0.00044413937901239555,-2.3978952727983707,-0.0010649997173974271
296,BasicsJava,11,0.00044413937901239555,-2.3978952727983707,-0.0010649997173974271
129,out,11,0.00044413937901239555,-2.3978952727983707,-0.0010649997173974271
460,variable,10,0.0004037630718294505,-2.3025850929940455,-0.0009296988302959767
457,following,10,0.0004037630718294505,-2.3025850929940455,-0.0009296988302959767
752,any,10,0.0004037630718294505,-2.3025850929940455,-0.0009296988302959767
637,expr,10,0.0004037630718294505,-2.3025850929940455,-0.0009296988302959767
301,defined,10,0.0004037630718294505,-2.3025850929940455,-0.0009296988302959767
424,application,10,0.0004037630718294505,-2.3025850929940455,-0.0009296988302959767
384,same,10,0.0004037630718294505,-2.3025850929940455,-0.0009296988302959767
622,runtime,10,0.0004037630718294505,-2.3025850929940455,-0.0009296988302959767
720,would,10,0.0004037630718294505,-2.3025850929940455,-0.0009296988302959767
275,value,10,0.0004037630718294505,-2.3025850929940455,-0.0009296988302959767
325,file,10,0.0004037630718294505,-2.3025850929940455,-0.0009296988302959767
20,form,10,0.0004037630718294505,-2.3025850929940455,-0.0009296988302959767
74,this,10,0.0004037630718294505,-2.3025850929940455,-0.0009296988302959767
38,system,10,0.0004037630718294505,-2.3025850929940455,-0.0009296988302959767
93,main,9,0.00036338676464650545,-2.1972245773362196,-0.0007984423303599943
115,does,9,0.00036338676464650545,-2.1972245773362196,-0.0007984423303599943
535,boolean,9,0.00036338676464650545,-2.1972245773362196,-0.0007984423303599943
634,have,9,0.00036338676464650545,-2.1972245773362196,-0.0007984423303599943
870,ill,9,0.00036338676464650545,-2.1972245773362196,-0.0007984423303599943
361,java,9,0.00036338676464650545,-2.1972245773362196,-0.0007984423303599943
615,parameter,9,0.00036338676464650545,-2.1972245773362196,-0.0007984423303599943
541,primitive,9,0.00036338676464650545,-2.1972245773362196,-0.0007984423303599943
473,called,9,0.00036338676464650545,-2.1972245773362196,-0.0007984423303599943
906,two,9,0.00036338676464650545,-2.1972245773362196,-0.0007984423303599943
926,To,9,0.00036338676464650545,-2.1972245773362196,-0.0007984423303599943
237,ints,8,0.0003230104574635604,-2.0794415416798357,-0.000671681363646735
597,source,8,0.0003230104574635604,-2.0794415416798357,-0.000671681363646735
191,collection,8,0.0003230104574635604,-2.0794415416798357,-0.000671681363646735
80,bit,8,0.0003230104574635604,-2.0794415416798357,-0.000671681363646735
171,applications,8,0.0003230104574635604,-2.0794415416798357,-0.000671681363646735
585,definition,8,0.0003230104574635604,-2.0794415416798357,-0.000671681363646735
736,byte,8,0.0003230104574635604,-2.0794415416798357,-0.000671681363646735
155,applets,8,0.0003230104574635604,-2.0794415416798357,-0.000671681363646735
406,constant,8,0.0003230104574635604,-2.0794415416798357,-0.000671681363646735
318,when,8,0.0003230104574635604,-2.0794415416798357,-0.000671681363646735
491,You,8,0.0003230104574635604,-2.0794415416798357,-0.000671681363646735
247,An,8,0.0003230104574635604,-2.0794415416798357,-0.000671681363646735
358,programs,8,0.0003230104574635604,-2.0794415416798357,-0.000671681363646735
748,cause,8,0.0003230104574635604,-2.0794415416798357,-0.000671681363646735
326,there,8,0.0003230104574635604,-2.0794415416798357,-0.000671681363646735
377,size,8,0.0003230104574635604,-2.0794415416798357,-0.000671681363646735
120,style,8,0.0003230104574635604,-2.0794415416798357,-0.000671681363646735
332,literal,7,0.00028263415028061535,-1.9459101490553135,-0.000549980661500674
336,such,7,0.00028263415028061535,-1.9459101490553135,-0.000549980661500674
187,args,7,0.00028263415028061535,-1.9459101490553135,-0.000549980661500674
911,state,7,0.00028263415028061535,-1.9459101490553135,-0.000549980661500674
583,contain,7,0.00028263415028061535,-1.9459101490553135,-0.000549980661500674
241,draw,7,0.00028263415028061535,-1.9459101490553135,-0.000549980661500674
534,table,7,0.00028263415028061535,-1.9459101490553135,-0.000549980661500674
55,via,7,0.00028263415028061535,-1.9459101490553135,-0.000549980661500674
964,foo,7,0.00028263415028061535,-1.9459101490553135,-0.000549980661500674
765,OK,7,0.00028263415028061535,-1.9459101490553135,-0.000549980661500674
557,garbage,7,0.00028263415028061535,-1.9459101490553135,-0.000549980661500674
1012,bits,7,0.00028263415028061535,-1.9459101490553135,-0.000549980661500674
138,button,7,0.00028263415028061535,-1.9459101490553135,-0.000549980661500674
753,these,7,0.00028263415028061535,-1.9459101490553135,-0.000549980661500674
77,from,6,0.0002422578430976703,-1.791759469228055,-0.00043406778436501516
146,calloc,6,0.0002422578430976703,-1.791759469228055,-0.00043406778436501516
610,sizeof,6,0.0002422578430976703,-1.791759469228055,-0.00043406778436501516
145,arrays,6,0.0002422578430976703,-1.791759469228055,-0.00043406778436501516
883,equivalent,6,0.0002422578430976703,-1.791759469228055,-0.00043406778436501516
230,Object,6,0.0002422578430976703,-1.791759469228055,-0.00043406778436501516
133,Array,6,0.0002422578430976703,-1.791759469228055,-0.00043406778436501516
252,they,6,0.0002422578430976703,-1.791759469228055,-0.00043406778436501516
751,name,6,0.0002422578430976703,-1.791759469228055,-0.00043406778436501516
269,struct,6,0.0002422578430976703,-1.791759469228055,-0.00043406778436501516
982,automatic,6,0.0002422578430976703,-1.791759469228055,-0.00043406778436501516
396,width,6,0.0002422578430976703,-1.791759469228055,-0.00043406778436501516
362,need,6,0.0002422578430976703,-1.791759469228055,-0.00043406778436501516
341,instance,6,0.0002422578430976703,-1.791759469228055,-0.00043406778436501516
316,heap,6,0.0002422578430976703,-1.791759469228055,-0.00043406778436501516
184,pointers,6,0.0002422578430976703,-1.791759469228055,-0.00043406778436501516
175,execute,6,0.0002422578430976703,-1.791759469228055,-0.00043406778436501516
908,thread,6,0.0002422578430976703,-1.791759469228055,-0.00043406778436501516
801,parameters,6,0.0002422578430976703,-1.791759469228055,-0.00043406778436501516
686,create,6,0.0002422578430976703,-1.791759469228055,-0.00043406778436501516
648,Stack,6,0.0002422578430976703,-1.791759469228055,-0.00043406778436501516
799,nor,6,0.0002422578430976703,-1.791759469228055,-0.00043406778436501516
701,portable,6,0.0002422578430976703,-1.791759469228055,-0.00043406778436501516
472,variables,5,0.00020188153591472525,-1.6094379124341003,-0.00032491579772158524
255,instantiate,5,0.00020188153591472525,-1.6094379124341003,-0.00032491579772158524
804,compile,5,0.00020188153591472525,-1.6094379124341003,-0.00032491579772158524
481,allocates,5,0.00020188153591472525,-1.6094379124341003,-0.00032491579772158524
483,statement,5,0.00020188153591472525,-1.6094379124341003,-0.00032491579772158524
798,way,5,0.00020188153591472525,-1.6094379124341003,-0.00032491579772158524
925,used,5,0.00020188153591472525,-1.6094379124341003,-0.00032491579772158524
246,machine,5,0.00020188153591472525,-1.6094379124341003,-0.00032491579772158524
916,passed,5,0.00020188153591472525,-1.6094379124341003,-0.00032491579772158524
242,very,5,0.00020188153591472525,-1.6094379124341003,-0.00032491579772158524
912,Note,5,0.00020188153591472525,-1.6094379124341003,-0.00032491579772158524
656,like,5,0.00020188153591472525,-1.6094379124341003,-0.00032491579772158524
227,executed,5,0.00020188153591472525,-1.6094379124341003,-0.00032491579772158524
636,similar,5,0.00020188153591472525,-1.6094379124341003,-0.00032491579772158524
781,p2,5,0.00020188153591472525,-1.6094379124341003,-0.00032491579772158524
443,static,5,0.00020188153591472525,-1.6094379124341003,-0.00032491579772158524
61,platform,5,0.00020188153591472525,-1.6094379124341003,-0.00032491579772158524
1,It,5,0.00020188153591472525,-1.6094379124341003,-0.00032491579772158524
757,equal,5,0.00020188153591472525,-1.6094379124341003,-0.00032491579772158524
768,effect,5,0.00020188153591472525,-1.6094379124341003,-0.00032491579772158524
769,elements,5,0.00020188153591472525,-1.6094379124341003,-0.00032491579772158524
96,should,5,0.00020188153591472525,-1.6094379124341003,-0.00032491579772158524
304,because,5,0.00020188153591472525,-1.6094379124341003,-0.00032491579772158524
927,version,5,0.00020188153591472525,-1.6094379124341003,-0.00032491579772158524
1003,threads,5,0.00020188153591472525,-1.6094379124341003,-0.00032491579772158524
392,where,5,0.00020188153591472525,-1.6094379124341003,-0.00032491579772158524
985,test,5,0.00020188153591472525,-1.6094379124341003,-0.00032491579772158524
152,import,5,0.00020188153591472525,-1.6094379124341003,-0.00032491579772158524
420,don,5,0.00020188153591472525,-1.6094379124341003,-0.00032491579772158524
962,set,5,0.00020188153591472525,-1.6094379124341003,-0.00032491579772158524
437,write,5,0.00020188153591472525,-1.6094379124341003,-0.00032491579772158524
999,signed,5,0.00020188153591472525,-1.6094379124341003,-0.00032491579772158524
564,p1,5,0.00020188153591472525,-1.6094379124341003,-0.00032491579772158524
485,only,5,0.00020188153591472525,-1.6094379124341003,-0.00032491579772158524
205,Primitive,5,0.00020188153591472525,-1.6094379124341003,-0.00032491579772158524
141,other,5,0.00020188153591472525,-1.6094379124341003,-0.00032491579772158524
592,while,5,0.00020188153591472525,-1.6094379124341003,-0.00032491579772158524
630,predefined,5,0.00020188153591472525,-1.6094379124341003,-0.00032491579772158524
850,using,5,0.00020188153591472525,-1.6094379124341003,-0.00032491579772158524
211,length,5,0.00020188153591472525,-1.6094379124341003,-0.00032491579772158524
570,tag,5,0.00020188153591472525,-1.6094379124341003,-0.00032491579772158524
4,uses,4,0.0001615052287317802,-1.3862943611198906,-0.00022389378788224503
796,view,4,0.0001615052287317802,-1.3862943611198906,-0.00022389378788224503
480,As,4,0.0001615052287317802,-1.3862943611198906,-0.00022389378788224503
302,invoke,4,0.0001615052287317802,-1.3862943611198906,-0.00022389378788224503
199,Integer,4,0.0001615052287317802,-1.3862943611198906,-0.00022389378788224503
471,makes,4,0.0001615052287317802,-1.3862943611198906,-0.00022389378788224503
109,stack,4,0.0001615052287317802,-1.3862943611198906,-0.00022389378788224503
744,convert,4,0.0001615052287317802,-1.3862943611198906,-0.00022389378788224503
713,extend,4,0.0001615052287317802,-1.3862943611198906,-0.00022389378788224503
33,library,4,0.0001615052287317802,-1.3862943611198906,-0.00022389378788224503
586,We,4,0.0001615052287317802,-1.3862943611198906,-0.00022389378788224503
989,pointernull,4,0.0001615052287317802,-1.3862943611198906,-0.00022389378788224503
945,getParameter,4,0.0001615052287317802,-1.3862943611198906,-0.00022389378788224503
438,initial,4,0.0001615052287317802,-1.3862943611198906,-0.00022389378788224503
435,exception,4,0.0001615052287317802,-1.3862943611198906,-0.00022389378788224503
608,WWW,4,0.0001615052287317802,-1.3862943611198906,-0.00022389378788224503
277,consider,4,0.0001615052287317802,-1.3862943611198906,-0.00022389378788224503
289,start,4,0.0001615052287317802,-1.3862943611198906,-0.00022389378788224503
23,println,4,0.0001615052287317802,-1.3862943611198906,-0.00022389378788224503
645,copy,4,0.0001615052287317802,-1.3862943611198906,-0.00022389378788224503
123,clone,4,0.0001615052287317802,-1.3862943611198906,-0.00022389378788224503
417,paint,4,0.0001615052287317802,-1.3862943611198906,-0.00022389378788224503
600,must,4,0.0001615052287317802,-1.3862943611198906,-0.00022389378788224503
603,document,4,0.0001615052287317802,-1.3862943611198906,-0.00022389378788224503
7,line,4,0.0001615052287317802,-1.3862943611198906,-0.00022389378788224503
2,System,4,0.0001615052287317802,-1.3862943611198906,-0.00022389378788224503
858,free,4,0.0001615052287317802,-1.3862943611198906,-0.00022389378788224503
552,animations,4,0.0001615052287317802,-1.3862943611198906,-0.00022389378788224503
317,definitions,4,0.0001615052287317802,-1.3862943611198906,-0.00022389378788224503
725,space,4,0.0001615052287317802,-1.3862943611198906,-0.00022389378788224503
875,Graphics,4,0.0001615052287317802,-1.3862943611198906,-0.00022389378788224503
527,look,4,0.0001615052287317802,-1.3862943611198906,-0.00022389378788224503
136,compiler,4,0.0001615052287317802,-1.3862943611198906,-0.00022389378788224503
334,true,4,0.0001615052287317802,-1.3862943611198906,-0.00022389378788224503
795,How,4,0.0001615052287317802,-1.3862943611198906,-0.00022389378788224503
51,semantics,4,0.0001615052287317802,-1.3862943611198906,-0.00022389378788224503
50,strings,4,0.0001615052287317802,-1.3862943611198906,-0.00022389378788224503
617,else,4,0.0001615052287317802,-1.3862943611198906,-0.00022389378788224503
907,NULL,4,0.0001615052287317802,-1.3862943611198906,-0.00022389378788224503
825,Expressions,4,0.0001615052287317802,-1.3862943611198906,-0.00022389378788224503
207,stop,4,0.0001615052287317802,-1.3862943611198906,-0.00022389378788224503
855,drawn,4,0.0001615052287317802,-1.3862943611198906,-0.00022389378788224503
131,place,4,0.0001615052287317802,-1.3862943611198906,-0.00022389378788224503
97,super,4,0.0001615052287317802,-1.3862943611198906,-0.00022389378788224503
685,Garbage,4,0.0001615052287317802,-1.3862943611198906,-0.00022389378788224503
638,operators,3,0.00012112892154883515,-1.0986122886681098,-0.0001330737217266657
327,initialize,3,0.00012112892154883515,-1.0986122886681098,-0.0001330737217266657
764,compilation,3,0.00012112892154883515,-1.0986122886681098,-0.0001330737217266657
401,These,3,0.00012112892154883515,-1.0986122886681098,-0.0001330737217266657
710,bfoo,3,0.00012112892154883515,-1.0986122886681098,-0.0001330737217266657
817,edu,3,0.00012112892154883515,-1.0986122886681098,-0.0001330737217266657
682,resources,3,0.00012112892154883515,-1.0986122886681098,-0.0001330737217266657
388,into,3,0.00012112892154883515,-1.0986122886681098,-0.0001330737217266657
822,arithmetic,3,0.00012112892154883515,-1.0986122886681098,-0.0001330737217266657
821,always,3,0.00012112892154883515,-1.0986122886681098,-0.0001330737217266657
810,contrast,3,0.00012112892154883515,-1.0986122886681098,-0.0001330737217266657
382,There,3,0.00012112892154883515,-1.0986122886681098,-0.0001330737217266657
1000,ignore,3,0.00012112892154883515,-1.0986122886681098,-0.0001330737217266657
996,package,3,0.00012112892154883515,-1.0986122886681098,-0.0001330737217266657
381,address,3,0.00012112892154883515,-1.0986122886681098,-0.0001330737217266657
756,assigned,3,0.00012112892154883515,-1.0986122886681098,-0.0001330737217266657
344,Init,3,0.00012112892154883515,-1.0986122886681098,-0.0001330737217266657
843,collector,3,0.00012112892154883515,-1.0986122886681098,-0.0001330737217266657
827,buttons,3,0.00012112892154883515,-1.0986122886681098,-0.0001330737217266657
860,been,3,0.00012112892154883515,-1.0986122886681098,-0.0001330737217266657
978,final,3,0.00012112892154883515,-1.0986122886681098,-0.0001330737217266657
739,char,3,0.00012112892154883515,-1.0986122886681098,-0.0001330737217266657
914,between,3,0.00012112892154883515,-1.0986122886681098,-0.0001330737217266657
785,include,3,0.00012112892154883515,-1.0986122886681098,-0.0001330737217266657
501,destroy,3,0.00012112892154883515,-1.0986122886681098,-0.0001330737217266657
733,dynamic,3,0.00012112892154883515,-1.0986122886681098,-0.0001330737217266657
512,within,3,0.00012112892154883515,-1.0986122886681098,-0.0001330737217266657
588,allocated,3,0.00012112892154883515,-1.0986122886681098,-0.0001330737217266657
655,codevoid,3,0.00012112892154883515,-1.0986122886681098,-0.0001330737217266657
576,label,3,0.00012112892154883515,-1.0986122886681098,-0.0001330737217266657
791,now,3,0.00012112892154883515,-1.0986122886681098,-0.0001330737217266657
808,allow,3,0.00012112892154883515,-1.0986122886681098,-0.0001330737217266657
721,loop,3,0.00012112892154883515,-1.0986122886681098,-0.0001330737217266657
766,optional,3,0.00012112892154883515,-1.0986122886681098,-0.0001330737217266657
867,each,3,0.00012112892154883515,-1.0986122886681098,-0.0001330737217266657
894,automatically,3,0.00012112892154883515,-1.0986122886681098,-0.0001330737217266657
639,case,3,0.00012112892154883515,-1.0986122886681098,-0.0001330737217266657
853,hard,3,0.00012112892154883515,-1.0986122886681098,-0.0001330737217266657
479,those,3,0.00012112892154883515,-1.0986122886681098,-0.0001330737217266657
413,HTML,3,0.00012112892154883515,-1.0986122886681098,-0.0001330737217266657
770,output,3,0.00012112892154883515,-1.0986122886681098,-0.0001330737217266657
963,will,3,0.00012112892154883515,-1.0986122886681098,-0.0001330737217266657
951,function,3,0.00012112892154883515,-1.0986122886681098,-0.0001330737217266657
429,leave,3,0.00012112892154883515,-1.0986122886681098,-0.0001330737217266657
604,programming,3,0.00012112892154883515,-1.0986122886681098,-0.0001330737217266657
851,part,3,0.00012112892154883515,-1.0986122886681098,-0.0001330737217266657
699,default,3,0.00012112892154883515,-1.0986122886681098,-0.0001330737217266657
451,inthis,3,0.00012112892154883515,-1.0986122886681098,-0.0001330737217266657
452,height,3,0.00012112892154883515,-1.0986122886681098,-0.0001330737217266657
716,statements,3,0.00012112892154883515,-1.0986122886681098,-0.0001330737217266657
918,access,3,0.00012112892154883515,-1.0986122886681098,-0.0001330737217266657
740,appletviewer,3,0.00012112892154883515,-1.0986122886681098,-0.0001330737217266657
917,By,3,0.00012112892154883515,-1.0986122886681098,-0.0001330737217266657
440,references,3,0.00012112892154883515,-1.0986122886681098,-0.0001330737217266657
690,either,3,0.00012112892154883515,-1.0986122886681098,-0.0001330737217266657
0,push,3,0.00012112892154883515,-1.0986122886681098,-0.0001330737217266657
124,equals,3,0.00012112892154883515,-1.0986122886681098,-0.0001330737217266657
179,dispose,3,0.00012112892154883515,-1.0986122886681098,-0.0001330737217266657
308,reside,3,0.00012112892154883515,-1.0986122886681098,-0.0001330737217266657
195,life,3,0.00012112892154883515,-1.0986122886681098,-0.0001330737217266657
134,easily,3,0.00012112892154883515,-1.0986122886681098,-0.0001330737217266657
142,stat1,3,0.00012112892154883515,-1.0986122886681098,-0.0001330737217266657
30,own,3,0.00012112892154883515,-1.0986122886681098,-0.0001330737217266657
112,blah,3,0.00012112892154883515,-1.0986122886681098,-0.0001330737217266657
63,link,3,0.00012112892154883515,-1.0986122886681098,-0.0001330737217266657
156,Variables,3,0.00012112892154883515,-1.0986122886681098,-0.0001330737217266657
253,limited,3,0.00012112892154883515,-1.0986122886681098,-0.0001330737217266657
72,than,3,0.00012112892154883515,-1.0986122886681098,-0.0001330737217266657
229,section,3,0.00012112892154883515,-1.0986122886681098,-0.0001330737217266657
310,QUIT,3,0.00012112892154883515,-1.0986122886681098,-0.0001330737217266657
262,first,3,0.00012112892154883515,-1.0986122886681098,-0.0001330737217266657
116,messages,3,0.00012112892154883515,-1.0986122886681098,-0.0001330737217266657
166,which,3,0.00012112892154883515,-1.0986122886681098,-0.0001330737217266657
170,GUI,3,0.00012112892154883515,-1.0986122886681098,-0.0001330737217266657
162,text,3,0.00012112892154883515,-1.0986122886681098,-0.0001330737217266657
321,shows,3,0.00012112892154883515,-1.0986122886681098,-0.0001330737217266657
292,extends,3,0.00012112892154883515,-1.0986122886681098,-0.0001330737217266657
121,nothing,3,0.00012112892154883515,-1.0986122886681098,-0.0001330737217266657
163,Allocate,3,0.00012112892154883515,-1.0986122886681098,-0.0001330737217266657
167,therefore,3,0.00012112892154883515,-1.0986122886681098,-0.0001330737217266657
119,TrivialApplication,3,0.00012112892154883515,-1.0986122886681098,-0.0001330737217266657
206,TypeName,3,0.00012112892154883515,-1.0986122886681098,-0.0001330737217266657
75,Statements,3,0.00012112892154883515,-1.0986122886681098,-0.0001330737217266657
306,defines,3,0.00012112892154883515,-1.0986122886681098,-0.0001330737217266657
478,illustrate,2,8.07526143658901e-05,-0.6931471805599453,-5.597344697056126e-05
899,ButtonsButton,2,8.07526143658901e-05,-0.6931471805599453,-5.597344697056126e-05
897,interpreted,2,8.07526143658901e-05,-0.6931471805599453,-5.597344697056126e-05
54,instanceof,2,8.07526143658901e-05,-0.6931471805599453,-5.597344697056126e-05
621,error,2,8.07526143658901e-05,-0.6931471805599453,-5.597344697056126e-05
476,task,2,8.07526143658901e-05,-0.6931471805599453,-5.597344697056126e-05
474,false,2,8.07526143658901e-05,-0.6931471805599453,-5.597344697056126e-05
487,Hello,2,8.07526143658901e-05,-0.6931471805599453,-5.597344697056126e-05
101,subclass,2,8.07526143658901e-05,-0.6931471805599453,-5.597344697056126e-05
891,robust,2,8.07526143658901e-05,-0.6931471805599453,-5.597344697056126e-05
53,addition,2,8.07526143658901e-05,-0.6931471805599453,-5.597344697056126e-05
486,unit,2,8.07526143658901e-05,-0.6931471805599453,-5.597344697056126e-05
448,TRUE,2,8.07526143658901e-05,-0.6931471805599453,-5.597344697056126e-05
52,available,2,8.07526143658901e-05,-0.6931471805599453,-5.597344697056126e-05
267,Create,2,8.07526143658901e-05,-0.6931471805599453,-5.597344697056126e-05
642,bad,2,8.07526143658901e-05,-0.6931471805599453,-5.597344697056126e-05
923,calls,2,8.07526143658901e-05,-0.6931471805599453,-5.597344697056126e-05
266,constructor,2,8.07526143658901e-05,-0.6931471805599453,-5.597344697056126e-05
105,prints,2,8.07526143658901e-05,-0.6931471805599453,-5.597344697056126e-05
640,opening,2,8.07526143658901e-05,-0.6931471805599453,-5.597344697056126e-05
446,keyword,2,8.07526143658901e-05,-0.6931471805599453,-5.597344697056126e-05
447,break,2,8.07526143658901e-05,-0.6931471805599453,-5.597344697056126e-05
572,window,2,8.07526143658901e-05,-0.6931471805599453,-5.597344697056126e-05
258,display,2,8.07526143658901e-05,-0.6931471805599453,-5.597344697056126e-05
177,longer,2,8.07526143658901e-05,-0.6931471805599453,-5.597344697056126e-05
458,once,2,8.07526143658901e-05,-0.6931471805599453,-5.597344697056126e-05
44,checking,2,8.07526143658901e-05,-0.6931471805599453,-5.597344697056126e-05
632,stylecomments,2,8.07526143658901e-05,-0.6931471805599453,-5.597344697056126e-05
631,more,2,8.07526143658901e-05,-0.6931471805599453,-5.597344697056126e-05
260,variableName,2,8.07526143658901e-05,-0.6931471805599453,-5.597344697056126e-05
787,particular,2,8.07526143658901e-05,-0.6931471805599453,-5.597344697056126e-05
788,contains,2,8.07526143658901e-05,-0.6931471805599453,-5.597344697056126e-05
490,World,2,8.07526143658901e-05,-0.6931471805599453,-5.597344697056126e-05
467,constant3,2,8.07526143658901e-05,-0.6931471805599453,-5.597344697056126e-05
913,Constant,2,8.07526143658901e-05,-0.6931471805599453,-5.597344697056126e-05
49,Employee,2,8.07526143658901e-05,-0.6931471805599453,-5.597344697056126e-05
613,integer,2,8.07526143658901e-05,-0.6931471805599453,-5.597344697056126e-05
188,added,2,8.07526143658901e-05,-0.6931471805599453,-5.597344697056126e-05
222,execution,2,8.07526143658901e-05,-0.6931471805599453,-5.597344697056126e-05
815,member,2,8.07526143658901e-05,-0.6931471805599453,-5.597344697056126e-05
816,suspend,2,8.07526143658901e-05,-0.6931471805599453,-5.597344697056126e-05
854,perform,2,8.07526143658901e-05,-0.6931471805599453,-5.597344697056126e-05
546,continue,2,8.07526143658901e-05,-0.6931471805599453,-5.597344697056126e-05
849,existing,2,8.07526143658901e-05,-0.6931471805599453,-5.597344697056126e-05
589,list,2,8.07526143658901e-05,-0.6931471805599453,-5.597344697056126e-05
820,lifecycle,2,8.07526143658901e-05,-0.6931471805599453,-5.597344697056126e-05
550,codeint,2,8.07526143658901e-05,-0.6931471805599453,-5.597344697056126e-05
219,their,2,8.07526143658901e-05,-0.6931471805599453,-5.597344697056126e-05
83,simple,2,8.07526143658901e-05,-0.6931471805599453,-5.597344697056126e-05
556,Vector,2,8.07526143658901e-05,-0.6931471805599453,-5.597344697056126e-05
217,level,2,8.07526143658901e-05,-0.6931471805599453,-5.597344697056126e-05
559,cannot,2,8.07526143658901e-05,-0.6931471805599453,-5.597344697056126e-05
208,left,2,8.07526143658901e-05,-0.6931471805599453,-5.597344697056126e-05
561,Declarations,2,8.07526143658901e-05,-0.6931471805599453,-5.597344697056126e-05
581,initialized,2,8.07526143658901e-05,-0.6931471805599453,-5.597344697056126e-05
82,thesame,2,8.07526143658901e-05,-0.6931471805599453,-5.597344697056126e-05
79,host,2,8.07526143658901e-05,-0.6931471805599453,-5.597344697056126e-05
828,alt,2,8.07526143658901e-05,-0.6931471805599453,-5.597344697056126e-05
575,specific,2,8.07526143658901e-05,-0.6931471805599453,-5.597344697056126e-05
861,complete,2,8.07526143658901e-05,-0.6931471805599453,-5.597344697056126e-05
598,done,2,8.07526143658901e-05,-0.6931471805599453,-5.597344697056126e-05
531,Applets,2,8.07526143658901e-05,-0.6931471805599453,-5.597344697056126e-05
863,dereference,2,8.07526143658901e-05,-0.6931471805599453,-5.597344697056126e-05
243,simply,2,8.07526143658901e-05,-0.6931471805599453,-5.597344697056126e-05
797,dynamically,2,8.07526143658901e-05,-0.6931471805599453,-5.597344697056126e-05
884,freed,2,8.07526143658901e-05,-0.6931471805599453,-5.597344697056126e-05
439,environment,2,8.07526143658901e-05,-0.6931471805599453,-5.597344697056126e-05
236,etc,2,8.07526143658901e-05,-0.6931471805599453,-5.597344697056126e-05
881,placed,2,8.07526143658901e-05,-0.6931471805599453,-5.597344697056126e-05
92,secure,2,8.07526143658901e-05,-0.6931471805599453,-5.597344697056126e-05
505,written,2,8.07526143658901e-05,-0.6931471805599453,-5.597344697056126e-05
1011,Each,2,8.07526143658901e-05,-0.6931471805599453,-5.597344697056126e-05
507,labels,2,8.07526143658901e-05,-0.6931471805599453,-5.597344697056126e-05
889,Every,2,8.07526143658901e-05,-0.6931471805599453,-5.597344697056126e-05
803,argument,2,8.07526143658901e-05,-0.6931471805599453,-5.597344697056126e-05
59,causes,2,8.07526143658901e-05,-0.6931471805599453,-5.597344697056126e-05
513,delimited,2,8.07526143658901e-05,-0.6931471805599453,-5.597344697056126e-05
231,valid,2,8.07526143658901e-05,-0.6931471805599453,-5.597344697056126e-05
89,IEEE,2,8.07526143658901e-05,-0.6931471805599453,-5.597344697056126e-05
519,inC,2,8.07526143658901e-05,-0.6931471805599453,-5.597344697056126e-05
868,Web,2,8.07526143658901e-05,-0.6931471805599453,-5.597344697056126e-05
62,If,2,8.07526143658901e-05,-0.6931471805599453,-5.597344697056126e-05
228,Strings,2,8.07526143658901e-05,-0.6931471805599453,-5.597344697056126e-05
525,bar,2,8.07526143658901e-05,-0.6931471805599453,-5.597344697056126e-05
528,declare,2,8.07526143658901e-05,-0.6931471805599453,-5.597344697056126e-05
192,just,2,8.07526143658901e-05,-0.6931471805599453,-5.597344697056126e-05
271,Wide,2,8.07526143658901e-05,-0.6931471805599453,-5.597344697056126e-05
573,versions,2,8.07526143658901e-05,-0.6931471805599453,-5.597344697056126e-05
290,them,2,8.07526143658901e-05,-0.6931471805599453,-5.597344697056126e-05
409,yet,2,8.07526143658901e-05,-0.6931471805599453,-5.597344697056126e-05
698,documentation,2,8.07526143658901e-05,-0.6931471805599453,-5.597344697056126e-05
949,second,2,8.07526143658901e-05,-0.6931471805599453,-5.597344697056126e-05
405,points,2,8.07526143658901e-05,-0.6931471805599453,-5.597344697056126e-05
976,bounds,2,8.07526143658901e-05,-0.6931471805599453,-5.597344697056126e-05
287,tothe,2,8.07526143658901e-05,-0.6931471805599453,-5.597344697056126e-05
706,handling,2,8.07526143658901e-05,-0.6931471805599453,-5.597344697056126e-05
340,invoked,2,8.07526143658901e-05,-0.6931471805599453,-5.597344697056126e-05
342,during,2,8.07526143658901e-05,-0.6931471805599453,-5.597344697056126e-05
683,Portability,2,8.07526143658901e-05,-0.6931471805599453,-5.597344697056126e-05
363,idi,2,8.07526143658901e-05,-0.6931471805599453,-5.597344697056126e-05
679,ignored,2,8.07526143658901e-05,-0.6931471805599453,-5.597344697056126e-05
309,TrivialApplet,2,8.07526143658901e-05,-0.6931471805599453,-5.597344697056126e-05
395,features,2,8.07526143658901e-05,-0.6931471805599453,-5.597344697056126e-05
960,instantiates,2,8.07526143658901e-05,-0.6931471805599453,-5.597344697056126e-05
390,FALSE,2,8.07526143658901e-05,-0.6931471805599453,-5.597344697056126e-05
389,II,2,8.07526143658901e-05,-0.6931471805599453,-5.597344697056126e-05
160,comparison,2,8.07526143658901e-05,-0.6931471805599453,-5.597344697056126e-05
971,However,2,8.07526143658901e-05,-0.6931471805599453,-5.597344697056126e-05
24,ExpressionsItemExamples,2,8.07526143658901e-05,-0.6931471805599453,-5.597344697056126e-05
347,creates,2,8.07526143658901e-05,-0.6931471805599453,-5.597344697056126e-05
348,syntax,2,8.07526143658901e-05,-0.6931471805599453,-5.597344697056126e-05
677,Assignment,2,8.07526143658901e-05,-0.6931471805599453,-5.597344697056126e-05
349,awt,2,8.07526143658901e-05,-0.6931471805599453,-5.597344697056126e-05
126,hardware,2,8.07526143658901e-05,-0.6931471805599453,-5.597344697056126e-05
410,AppletName,2,8.07526143658901e-05,-0.6931471805599453,-5.597344697056126e-05
22,non,2,8.07526143658901e-05,-0.6931471805599453,-5.597344697056126e-05
113,containing,2,8.07526143658901e-05,-0.6931471805599453,-5.597344697056126e-05
273,menu,2,8.07526143658901e-05,-0.6931471805599453,-5.597344697056126e-05
434,orin,2,8.07526143658901e-05,-0.6931471805599453,-5.597344697056126e-05
777,classes,2,8.07526143658901e-05,-0.6931471805599453,-5.597344697056126e-05
741,Simple,2,8.07526143658901e-05,-0.6931471805599453,-5.597344697056126e-05
140,come,2,8.07526143658901e-05,-0.6931471805599453,-5.597344697056126e-05
153,concatenate,2,8.07526143658901e-05,-0.6931471805599453,-5.597344697056126e-05
5,So,2,8.07526143658901e-05,-0.6931471805599453,-5.597344697056126e-05
742,structure,2,8.07526143658901e-05,-0.6931471805599453,-5.597344697056126e-05
319,Accessing,2,8.07526143658901e-05,-0.6931471805599453,-5.597344697056126e-05
278,addresses,2,8.07526143658901e-05,-0.6931471805599453,-5.597344697056126e-05
743,Unlike,2,8.07526143658901e-05,-0.6931471805599453,-5.597344697056126e-05
313,setTitle,2,8.07526143658901e-05,-0.6931471805599453,-5.597344697056126e-05
714,itself,2,8.07526143658901e-05,-0.6931471805599453,-5.597344697056126e-05
940,components,2,8.07526143658901e-05,-0.6931471805599453,-5.597344697056126e-05
935,independent,2,8.07526143658901e-05,-0.6931471805599453,-5.597344697056126e-05
767,Comments,2,8.07526143658901e-05,-0.6931471805599453,-5.597344697056126e-05
315,however,2,8.07526143658901e-05,-0.6931471805599453,-5.597344697056126e-05
942,instantiated,2,8.07526143658901e-05,-0.6931471805599453,-5.597344697056126e-05
369,behavior,2,8.07526143658901e-05,-0.6931471805599453,-5.597344697056126e-05
283,Program,2,8.07526143658901e-05,-0.6931471805599453,-5.597344697056126e-05
697,standard,2,8.07526143658901e-05,-0.6931471805599453,-5.597344697056126e-05
144,ObjectsA,2,8.07526143658901e-05,-0.6931471805599453,-5.597344697056126e-05
941,handle,2,8.07526143658901e-05,-0.6931471805599453,-5.597344697056126e-05
735,Instead,1,4.037630718294505e-05,0.0,0.0
88,commentary,1,4.037630718294505e-05,0.0,0.0
737,Your,1,4.037630718294505e-05,0.0,0.0
738,programinstantiates,1,4.037630718294505e-05,0.0,0.0
732,restrictions,1,4.037630718294505e-05,0.0,0.0
135,assignments,1,4.037630718294505e-05,0.0,0.0
734,provided,1,4.037630718294505e-05,0.0,0.0
811,deallocating,1,4.037630718294505e-05,0.0,0.0
106,calling,1,4.037630718294505e-05,0.0,0.0
813,TypeDescriptionbooleantrue,1,4.037630718294505e-05,0.0,0.0
830,thisthe,1,4.037630718294505e-05,0.0,0.0
829,unnecessarily,1,4.037630718294505e-05,0.0,0.0
81,notpresent,1,4.037630718294505e-05,0.0,0.0
826,falsebyte8,1,4.037630718294505e-05,0.0,0.0
722,notices,1,4.037630718294505e-05,0.0,0.0
824,linked,1,4.037630718294505e-05,0.0,0.0
723,relieving,1,4.037630718294505e-05,0.0,0.0
823,Macapplication,1,4.037630718294505e-05,0.0,0.0
724,literals,1,4.037630718294505e-05,0.0,0.0
139,running,1,4.037630718294505e-05,0.0,0.0
726,lines,1,4.037630718294505e-05,0.0,0.0
727,img,1,4.037630718294505e-05,0.0,0.0
728,youmust,1,4.037630718294505e-05,0.0,0.0
84,NullPointerException,1,4.037630718294505e-05,0.0,0.0
137,outside,1,4.037630718294505e-05,0.0,0.0
730,back,1,4.037630718294505e-05,0.0,0.0
85,terminates,1,4.037630718294505e-05,0.0,0.0
818,objectGeneral,1,4.037630718294505e-05,0.0,0.0
86,errors,1,4.037630718294505e-05,0.0,0.0
731,mml,1,4.037630718294505e-05,0.0,0.0
814,testCommentsJava,1,4.037630718294505e-05,0.0,0.0
812,equivalentcode,1,4.037630718294505e-05,0.0,0.0
130,youoverride,1,4.037630718294505e-05,0.0,0.0
747,order,1,4.037630718294505e-05,0.0,0.0
809,Javaruntime,1,4.037630718294505e-05,0.0,0.0
102,InterfaceThe,1,4.037630718294505e-05,0.0,0.0
790,Internet,1,4.037630718294505e-05,0.0,0.0
762,jumping,1,4.037630718294505e-05,0.0,0.0
763,methodcauses,1,4.037630718294505e-05,0.0,0.0
789,say,1,4.037630718294505e-05,0.0,0.0
114,bitsfloat32,1,4.037630718294505e-05,0.0,0.0
786,loader,1,4.037630718294505e-05,0.0,0.0
111,independentbyte,1,4.037630718294505e-05,0.0,0.0
110,square,1,4.037630718294505e-05,0.0,0.0
108,stored,1,4.037630718294505e-05,0.0,0.0
103,removed,1,4.037630718294505e-05,0.0,0.0
784,thatknow,1,4.037630718294505e-05,0.0,0.0
783,loadable,1,4.037630718294505e-05,0.0,0.0
782,signature,1,4.037630718294505e-05,0.0,0.0
104,implements,1,4.037630718294505e-05,0.0,0.0
771,notspecify,1,4.037630718294505e-05,0.0,0.0
772,integerint,1,4.037630718294505e-05,0.0,0.0
773,UNICODE,1,4.037630718294505e-05,0.0,0.0
107,what,1,4.037630718294505e-05,0.0,0.0
775,u00aeboolean,1,4.037630718294505e-05,0.0,0.0
776,highest,1,4.037630718294505e-05,0.0,0.0
761,blank,1,4.037630718294505e-05,0.0,0.0
128,isn,1,4.037630718294505e-05,0.0,0.0
760,AppletThe,1,4.037630718294505e-05,0.0,0.0
792,next,1,4.037630718294505e-05,0.0,0.0
807,related,1,4.037630718294505e-05,0.0,0.0
127,Three,1,4.037630718294505e-05,0.0,0.0
806,objectresults,1,4.037630718294505e-05,0.0,0.0
805,hspace,1,4.037630718294505e-05,0.0,0.0
745,completely,1,4.037630718294505e-05,0.0,0.0
90,methodsRobustnessThe,1,4.037630718294505e-05,0.0,0.0
746,steal,1,4.037630718294505e-05,0.0,0.0
779,major,1,4.037630718294505e-05,0.0,0.0
802,precedence,1,4.037630718294505e-05,0.0,0.0
800,several,1,4.037630718294505e-05,0.0,0.0
749,problemsbecause,1,4.037630718294505e-05,0.0,0.0
94,compatible,1,4.037630718294505e-05,0.0,0.0
98,attemptingto,1,4.037630718294505e-05,0.0,0.0
750,TypesPrimitive,1,4.037630718294505e-05,0.0,0.0
125,scrollbars,1,4.037630718294505e-05,0.0,0.0
100,bring,1,4.037630718294505e-05,0.0,0.0
122,efficient,1,4.037630718294505e-05,0.0,0.0
794,optionally,1,4.037630718294505e-05,0.0,0.0
117,broad,1,4.037630718294505e-05,0.0,0.0
758,listed,1,4.037630718294505e-05,0.0,0.0
793,aseparate,1,4.037630718294505e-05,0.0,0.0
759,rewrite,1,4.037630718294505e-05,0.0,0.0
323,allocation,1,4.037630718294505e-05,0.0,0.0
869,deallocated,1,4.037630718294505e-05,0.0,0.0
832,DescriptionJava,1,4.037630718294505e-05,0.0,0.0
955,specifically,1,4.037630718294505e-05,0.0,0.0
28,systems,1,4.037630718294505e-05,0.0,0.0
957,orviruses,1,4.037630718294505e-05,0.0,0.0
27,already,1,4.037630718294505e-05,0.0,0.0
959,SemanticsWe,1,4.037630718294505e-05,0.0,0.0
961,classthat,1,4.037630718294505e-05,0.0,0.0
954,virtually,1,4.037630718294505e-05,0.0,0.0
26,TypesThe,1,4.037630718294505e-05,0.0,0.0
965,named,1,4.037630718294505e-05,0.0,0.0
966,acollection,1,4.037630718294505e-05,0.0,0.0
967,lifecyclemethodsThe,1,4.037630718294505e-05,0.0,0.0
969,stale,1,4.037630718294505e-05,0.0,0.0
970,methodshould,1,4.037630718294505e-05,0.0,0.0
21,fromall,1,4.037630718294505e-05,0.0,0.0
25,latest,1,4.037630718294505e-05,0.0,0.0
973,incorrect,1,4.037630718294505e-05,0.0,0.0
953,Generic,1,4.037630718294505e-05,0.0,0.0
29,deep,1,4.037630718294505e-05,0.0,0.0
931,block,1,4.037630718294505e-05,0.0,0.0
932,Thisstatement,1,4.037630718294505e-05,0.0,0.0
933,referred,1,4.037630718294505e-05,0.0,0.0
34,Aplications,1,4.037630718294505e-05,0.0,0.0
936,stat2default,1,4.037630718294505e-05,0.0,0.0
937,ApplicationConsider,1,4.037630718294505e-05,0.0,0.0
952,StringsJava,1,4.037630718294505e-05,0.0,0.0
938,dimensional,1,4.037630718294505e-05,0.0,0.0
943,native,1,4.037630718294505e-05,0.0,0.0
944,stat3,1,4.037630718294505e-05,0.0,0.0
946,intsnew,1,4.037630718294505e-05,0.0,0.0
947,treated,1,4.037630718294505e-05,0.0,0.0
948,stat1if,1,4.037630718294505e-05,0.0,0.0
950,shallow,1,4.037630718294505e-05,0.0,0.0
31,declaration,1,4.037630718294505e-05,0.0,0.0
35,figure,1,4.037630718294505e-05,0.0,0.0
974,vspace,1,4.037630718294505e-05,0.0,0.0
977,drawString,1,4.037630718294505e-05,0.0,0.0
12,Id,1,4.037630718294505e-05,0.0,0.0
997,Anything,1,4.037630718294505e-05,0.0,0.0
998,zero,1,4.037630718294505e-05,0.0,0.0
11,SemanticsPortabilityJava,1,4.037630718294505e-05,0.0,0.0
10,Creates,1,4.037630718294505e-05,0.0,0.0
1001,normal,1,4.037630718294505e-05,0.0,0.0
995,sstill,1,4.037630718294505e-05,0.0,0.0
1002,files,1,4.037630718294505e-05,0.0,0.0
1004,malloc,1,4.037630718294505e-05,0.0,0.0
1005,happens,1,4.037630718294505e-05,0.0,0.0
8,values,1,4.037630718294505e-05,0.0,0.0
1007,five,1,4.037630718294505e-05,0.0,0.0
1008,toString,1,4.037630718294505e-05,0.0,0.0
1010,context,1,4.037630718294505e-05,0.0,0.0
9,burden,1,4.037630718294505e-05,0.0,0.0
975,compared,1,4.037630718294505e-05,0.0,0.0
994,Common,1,4.037630718294505e-05,0.0,0.0
13,othermachines,1,4.037630718294505e-05,0.0,0.0
18,nonportable,1,4.037630718294505e-05,0.0,0.0
979,bindJava,1,4.037630718294505e-05,0.0,0.0
980,javaBasics,1,4.037630718294505e-05,0.0,0.0
981,objectOperatorsThe,1,4.037630718294505e-05,0.0,0.0
17,longerneeded,1,4.037630718294505e-05,0.0,0.0
983,Buttonobject,1,4.037630718294505e-05,0.0,0.0
993,well,1,4.037630718294505e-05,0.0,0.0
984,andformats,1,4.037630718294505e-05,0.0,0.0
986,InitializersVariables,1,4.037630718294505e-05,0.0,0.0
987,stat1case,1,4.037630718294505e-05,0.0,0.0
15,heapwould,1,4.037630718294505e-05,0.0,0.0
14,iconifyyour,1,4.037630718294505e-05,0.0,0.0
990,ofcode,1,4.037630718294505e-05,0.0,0.0
991,Owner,1,4.037630718294505e-05,0.0,0.0
16,Such,1,4.037630718294505e-05,0.0,0.0
929,advantage,1,4.037630718294505e-05,0.0,0.0
928,operations,1,4.037630718294505e-05,0.0,0.0
36,Sends,1,4.037630718294505e-05,0.0,0.0
856,implementor,1,4.037630718294505e-05,0.0,0.0
65,IV,1,4.037630718294505e-05,0.0,0.0
64,tobe,1,4.037630718294505e-05,0.0,0.0
859,hostplatform,1,4.037630718294505e-05,0.0,0.0
862,discussed,1,4.037630718294505e-05,0.0,0.0
864,integrateyour,1,4.037630718294505e-05,0.0,0.0
67,tedious,1,4.037630718294505e-05,0.0,0.0
865,standardoutput,1,4.037630718294505e-05,0.0,0.0
60,arraya,1,4.037630718294505e-05,0.0,0.0
871,observation,1,4.037630718294505e-05,0.0,0.0
872,intentionally,1,4.037630718294505e-05,0.0,0.0
873,JavaBasics,1,4.037630718294505e-05,0.0,0.0
874,creation,1,4.037630718294505e-05,0.0,0.0
876,places,1,4.037630718294505e-05,0.0,0.0
866,CollectionAn,1,4.037630718294505e-05,0.0,0.0
877,drawing,1,4.037630718294505e-05,0.0,0.0
70,defense,1,4.037630718294505e-05,0.0,0.0
71,publicly,1,4.037630718294505e-05,0.0,0.0
833,user,1,4.037630718294505e-05,0.0,0.0
834,codeButton,1,4.037630718294505e-05,0.0,0.0
835,multiple,1,4.037630718294505e-05,0.0,0.0
837,ExecutionThe,1,4.037630718294505e-05,0.0,0.0
838,elementsJava,1,4.037630718294505e-05,0.0,0.0
839,typeelement,1,4.037630718294505e-05,0.0,0.0
852,Window,1,4.037630718294505e-05,0.0,0.0
840,definitionsimport,1,4.037630718294505e-05,0.0,0.0
78,automaticallys,1,4.037630718294505e-05,0.0,0.0
76,internally,1,4.037630718294505e-05,0.0,0.0
845,e6F,1,4.037630718294505e-05,0.0,0.0
73,bitschar16,1,4.037630718294505e-05,0.0,0.0
847,looks,1,4.037630718294505e-05,0.0,0.0
848,structs,1,4.037630718294505e-05,0.0,0.0
841,leakage,1,4.037630718294505e-05,0.0,0.0
58,Multi,1,4.037630718294505e-05,0.0,0.0
879,sections,1,4.037630718294505e-05,0.0,0.0
880,keywords,1,4.037630718294505e-05,0.0,0.0
910,apply,1,4.037630718294505e-05,0.0,0.0
45,Ifyou,1,4.037630718294505e-05,0.0,0.0
43,superclass,1,4.037630718294505e-05,0.0,0.0
915,typespurely,1,4.037630718294505e-05,0.0,0.0
42,buttonsa,1,4.037630718294505e-05,0.0,0.0
41,callclass,1,4.037630718294505e-05,0.0,0.0
909,Cloneable,1,4.037630718294505e-05,0.0,0.0
40,right,1,4.037630718294505e-05,0.0,0.0
920,accompanying,1,4.037630718294505e-05,0.0,0.0
921,command,1,4.037630718294505e-05,0.0,0.0
922,allowed,1,4.037630718294505e-05,0.0,0.0
924,giant,1,4.037630718294505e-05,0.0,0.0
39,Jim,1,4.037630718294505e-05,0.0,0.0
37,isrevisited,1,4.037630718294505e-05,0.0,0.0
919,lowercase,1,4.037630718294505e-05,0.0,0.0
46,generatedocumentation,1,4.037630718294505e-05,0.0,0.0
48,visible,1,4.037630718294505e-05,0.0,0.0
905,objectPrimitive,1,4.037630718294505e-05,0.0,0.0
882,pointerb,1,4.037630718294505e-05,0.0,0.0
57,CLASSPATH,1,4.037630718294505e-05,0.0,0.0
885,toconvert,1,4.037630718294505e-05,0.0,0.0
886,depot,1,4.037630718294505e-05,0.0,0.0
887,considered,1,4.037630718294505e-05,0.0,0.0
888,distributed,1,4.037630718294505e-05,0.0,0.0
890,concatenated,1,4.037630718294505e-05,0.0,0.0
56,symbol,1,4.037630718294505e-05,0.0,0.0
893,applies,1,4.037630718294505e-05,0.0,0.0
895,constant4float,1,4.037630718294505e-05,0.0,0.0
896,after,1,4.037630718294505e-05,0.0,0.0
898,converted,1,4.037630718294505e-05,0.0,0.0
900,implied,1,4.037630718294505e-05,0.0,0.0
901,complexity,1,4.037630718294505e-05,0.0,0.0
903,Forexample,1,4.037630718294505e-05,0.0,0.0
831,Final,1,4.037630718294505e-05,0.0,0.0
719,Memory,1,4.037630718294505e-05,0.0,0.0
667,constant077nullthe,1,4.037630718294505e-05,0.0,0.0
717,respond,1,4.037630718294505e-05,0.0,0.0
265,reserve,1,4.037630718294505e-05,0.0,0.0
264,crashesduring,1,4.037630718294505e-05,0.0,0.0
453,above,1,4.037630718294505e-05,0.0,0.0
454,Descriptionidi,1,4.037630718294505e-05,0.0,0.0
263,think,1,4.037630718294505e-05,0.0,0.0
456,linking,1,4.037630718294505e-05,0.0,0.0
450,acompilation,1,4.037630718294505e-05,0.0,0.0
459,combination,1,4.037630718294505e-05,0.0,0.0
461,bitsint32,1,4.037630718294505e-05,0.0,0.0
462,arrayobject,1,4.037630718294505e-05,0.0,0.0
259,Method,1,4.037630718294505e-05,0.0,0.0
465,environments,1,4.037630718294505e-05,0.0,0.0
466,idInteger,1,4.037630718294505e-05,0.0,0.0
468,pointed,1,4.037630718294505e-05,0.0,0.0
261,creating,1,4.037630718294505e-05,0.0,0.0
469,having,1,4.037630718294505e-05,0.0,0.0
449,leads,1,4.037630718294505e-05,0.0,0.0
444,atJava,1,4.037630718294505e-05,0.0,0.0
423,whenever,1,4.037630718294505e-05,0.0,0.0
279,Therefore,1,4.037630718294505e-05,0.0,0.0
426,NetscapeNavigator,1,4.037630718294505e-05,0.0,0.0
276,allocatesmemory,1,4.037630718294505e-05,0.0,0.0
428,availablefor,1,4.037630718294505e-05,0.0,0.0
274,page,1,4.037630718294505e-05,0.0,0.0
445,archives,1,4.037630718294505e-05,0.0,0.0
430,illegal,1,4.037630718294505e-05,0.0,0.0
432,returns,1,4.037630718294505e-05,0.0,0.0
433,bitslong64,1,4.037630718294505e-05,0.0,0.0
436,onany,1,4.037630718294505e-05,0.0,0.0
272,src,1,4.037630718294505e-05,0.0,0.0
441,follows,1,4.037630718294505e-05,0.0,0.0
442,convention,1,4.037630718294505e-05,0.0,0.0
431,Javavariables,1,4.037630718294505e-05,0.0,0.0
470,sizes,1,4.037630718294505e-05,0.0,0.0
257,whiledo,1,4.037630718294505e-05,0.0,0.0
256,Frameremoves,1,4.037630718294505e-05,0.0,0.0
502,means,1,4.037630718294505e-05,0.0,0.0
234,deallocates,1,4.037630718294505e-05,0.0,0.0
504,across,1,4.037630718294505e-05,0.0,0.0
508,EqualityTwo,1,4.037630718294505e-05,0.0,0.0
509,details,1,4.037630718294505e-05,0.0,0.0
233,deiconify,1,4.037630718294505e-05,0.0,0.0
235,mainwindow,1,4.037630718294505e-05,0.0,0.0
511,translates,1,4.037630718294505e-05,0.0,0.0
514,andt,1,4.037630718294505e-05,0.0,0.0
516,commentswhere,1,4.037630718294505e-05,0.0,0.0
517,inJava,1,4.037630718294505e-05,0.0,0.0
518,npackage,1,4.037630718294505e-05,0.0,0.0
520,statwhilewhile,1,4.037630718294505e-05,0.0,0.0
521,ObjectsAssignment,1,4.037630718294505e-05,0.0,0.0
232,programmingThe,1,4.037630718294505e-05,0.0,0.0
499,undefined,1,4.037630718294505e-05,0.0,0.0
498,displays,1,4.037630718294505e-05,0.0,0.0
238,proneJava,1,4.037630718294505e-05,0.0,0.0
254,messagesfrom,1,4.037630718294505e-05,0.0,0.0
477,becomes,1,4.037630718294505e-05,0.0,0.0
251,PC,1,4.037630718294505e-05,0.0,0.0
250,Javalanguage,1,4.037630718294505e-05,0.0,0.0
482,commenting,1,4.037630718294505e-05,0.0,0.0
249,Standalone,1,4.037630718294505e-05,0.0,0.0
484,body,1,4.037630718294505e-05,0.0,0.0
248,expressions,1,4.037630718294505e-05,0.0,0.0
488,Tnew,1,4.037630718294505e-05,0.0,0.0
489,Classes,1,4.037630718294505e-05,0.0,0.0
244,forget,1,4.037630718294505e-05,0.0,0.0
492,leading,1,4.037630718294505e-05,0.0,0.0
493,immediately,1,4.037630718294505e-05,0.0,0.0
495,single,1,4.037630718294505e-05,0.0,0.0
496,basic,1,4.037630718294505e-05,0.0,0.0
422,every,1,4.037630718294505e-05,0.0,0.0
280,thedirectories,1,4.037630718294505e-05,0.0,0.0
281,clean,1,4.037630718294505e-05,0.0,0.0
419,note,1,4.037630718294505e-05,0.0,0.0
354,leaves,1,4.037630718294505e-05,0.0,0.0
355,allocateduntil,1,4.037630718294505e-05,0.0,0.0
356,onetwo,1,4.037630718294505e-05,0.0,0.0
357,stats,1,4.037630718294505e-05,0.0,0.0
359,libraries,1,4.037630718294505e-05,0.0,0.0
360,calledonce,1,4.037630718294505e-05,0.0,0.0
353,Javaobject,1,4.037630718294505e-05,0.0,0.0
307,Stacks,1,4.037630718294505e-05,0.0,0.0
365,requires,1,4.037630718294505e-05,0.0,0.0
366,thereby,1,4.037630718294505e-05,0.0,0.0
367,inflexible,1,4.037630718294505e-05,0.0,0.0
303,asnew,1,4.037630718294505e-05,0.0,0.0
370,valueOf,1,4.037630718294505e-05,0.0,0.0
300,becausethey,1,4.037630718294505e-05,0.0,0.0
364,StatementsJava,1,4.037630718294505e-05,0.0,0.0
352,item,1,4.037630718294505e-05,0.0,0.0
351,proper,1,4.037630718294505e-05,0.0,0.0
350,suffixdouble,1,4.037630718294505e-05,0.0,0.0
324,runs,1,4.037630718294505e-05,0.0,0.0
320,MAX_VALUE,1,4.037630718294505e-05,0.0,0.0
328,codenew,1,4.037630718294505e-05,0.0,0.0
329,issue,1,4.037630718294505e-05,0.0,0.0
330,Applications,1,4.037630718294505e-05,0.0,0.0
314,conversions,1,4.037630718294505e-05,0.0,0.0
333,ObjectsButton,1,4.037630718294505e-05,0.0,0.0
335,e6D,1,4.037630718294505e-05,0.0,0.0
311,painting,1,4.037630718294505e-05,0.0,0.0
337,manager,1,4.037630718294505e-05,0.0,0.0
338,Part,1,4.037630718294505e-05,0.0,0.0
339,atruntime,1,4.037630718294505e-05,0.0,0.0
343,things,1,4.037630718294505e-05,0.0,0.0
345,guaranteed,1,4.037630718294505e-05,0.0,0.0
346,ParamTest,1,4.037630718294505e-05,0.0,0.0
372,Float,1,4.037630718294505e-05,0.0,0.0
523,Return,1,4.037630718294505e-05,0.0,0.0
373,invalid,1,4.037630718294505e-05,0.0,0.0
375,nameListqualified,1,4.037630718294505e-05,0.0,0.0
399,often,1,4.037630718294505e-05,0.0,0.0
288,avoid,1,4.037630718294505e-05,0.0,0.0
402,takes,1,4.037630718294505e-05,0.0,0.0
403,DeclarationsA,1,4.037630718294505e-05,0.0,0.0
286,specified,1,4.037630718294505e-05,0.0,0.0
407,systemresources,1,4.037630718294505e-05,0.0,0.0
398,thedifference,1,4.037630718294505e-05,0.0,0.0
408,representation,1,4.037630718294505e-05,0.0,0.0
412,calledArrayIndexOutOfBoundsException,1,4.037630718294505e-05,0.0,0.0
284,Version,1,4.037630718294505e-05,0.0,0.0
414,also,1,4.037630718294505e-05,0.0,0.0
415,before,1,4.037630718294505e-05,0.0,0.0
416,reduces,1,4.037630718294505e-05,0.0,0.0
418,Language,1,4.037630718294505e-05,0.0,0.0
411,useStringBuffer,1,4.037630718294505e-05,0.0,0.0
397,themout,1,4.037630718294505e-05,0.0,0.0
291,typesint,1,4.037630718294505e-05,0.0,0.0
394,lowest,1,4.037630718294505e-05,0.0,0.0
376,members,1,4.037630718294505e-05,0.0,0.0
299,portions,1,4.037630718294505e-05,0.0,0.0
298,much,1,4.037630718294505e-05,0.0,0.0
379,parameterscodebase,1,4.037630718294505e-05,0.0,0.0
380,III,1,4.037630718294505e-05,0.0,0.0
297,nested,1,4.037630718294505e-05,0.0,0.0
295,together,1,4.037630718294505e-05,0.0,0.0
383,remains,1,4.037630718294505e-05,0.0,0.0
294,ifthey,1,4.037630718294505e-05,0.0,0.0
385,align,1,4.037630718294505e-05,0.0,0.0
386,potential,1,4.037630718294505e-05,0.0,0.0
387,character,1,4.037630718294505e-05,0.0,0.0
293,copysemantics,1,4.037630718294505e-05,0.0,0.0
391,literaltrue,1,4.037630718294505e-05,0.0,0.0
393,something,1,4.037630718294505e-05,0.0,0.0
374,Interpreter,1,4.037630718294505e-05,0.0,0.0
718,lack,1,4.037630718294505e-05,0.0,0.0
226,leaks,1,4.037630718294505e-05,0.0,0.0
529,functionthat,1,4.037630718294505e-05,0.0,0.0
652,differences,1,4.037630718294505e-05,0.0,0.0
653,yourbrowser,1,4.037630718294505e-05,0.0,0.0
654,functionwould,1,4.037630718294505e-05,0.0,0.0
165,fill,1,4.037630718294505e-05,0.0,0.0
657,ValuesArguments,1,4.037630718294505e-05,0.0,0.0
658,publicclass,1,4.037630718294505e-05,0.0,0.0
651,shift,1,4.037630718294505e-05,0.0,0.0
659,old,1,4.037630718294505e-05,0.0,0.0
661,brackets,1,4.037630718294505e-05,0.0,0.0
662,Instance,1,4.037630718294505e-05,0.0,0.0
663,SecurityThe,1,4.037630718294505e-05,0.0,0.0
664,surroundingit,1,4.037630718294505e-05,0.0,0.0
665,Bitmaps,1,4.037630718294505e-05,0.0,0.0
666,diagram,1,4.037630718294505e-05,0.0,0.0
660,interesting,1,4.037630718294505e-05,0.0,0.0
322,consequence,1,4.037630718294505e-05,0.0,0.0
650,freeing,1,4.037630718294505e-05,0.0,0.0
647,Browser,1,4.037630718294505e-05,0.0,0.0
627,int00000In,1,4.037630718294505e-05,0.0,0.0
628,thereforeJava,1,4.037630718294505e-05,0.0,0.0
629,terminated,1,4.037630718294505e-05,0.0,0.0
178,ConstantsVariables,1,4.037630718294505e-05,0.0,0.0
176,sockets,1,4.037630718294505e-05,0.0,0.0
635,software,1,4.037630718294505e-05,0.0,0.0
649,effort,1,4.037630718294505e-05,0.0,0.0
174,jperforms,1,4.037630718294505e-05,0.0,0.0
172,number,1,4.037630718294505e-05,0.0,0.0
641,harm,1,4.037630718294505e-05,0.0,0.0
643,market,1,4.037630718294505e-05,0.0,0.0
644,Unicode,1,4.037630718294505e-05,0.0,0.0
169,effects,1,4.037630718294505e-05,0.0,0.0
646,beginwith,1,4.037630718294505e-05,0.0,0.0
173,priority,1,4.037630718294505e-05,0.0,0.0
164,bepreceded,1,4.037630718294505e-05,0.0,0.0
669,obtained,1,4.037630718294505e-05,0.0,0.0
671,Byte,1,4.037630718294505e-05,0.0,0.0
700,useful,1,4.037630718294505e-05,0.0,0.0
150,Storing,1,4.037630718294505e-05,0.0,0.0
702,contained,1,4.037630718294505e-05,0.0,0.0
703,nameListobj,1,4.037630718294505e-05,0.0,0.0
704,Forms,1,4.037630718294505e-05,0.0,0.0
705,searches,1,4.037630718294505e-05,0.0,0.0
151,find,1,4.037630718294505e-05,0.0,0.0
707,scoped,1,4.037630718294505e-05,0.0,0.0
709,demand,1,4.037630718294505e-05,0.0,0.0
147,ofC,1,4.037630718294505e-05,0.0,0.0
711,When,1,4.037630718294505e-05,0.0,0.0
712,constant0x123octal,1,4.037630718294505e-05,0.0,0.0
715,suffixhexadecimal,1,4.037630718294505e-05,0.0,0.0
143,modified,1,4.037630718294505e-05,0.0,0.0
708,Blah,1,4.037630718294505e-05,0.0,0.0
696,copyJava,1,4.037630718294505e-05,0.0,0.0
695,exceptionsJava,1,4.037630718294505e-05,0.0,0.0
694,Put,1,4.037630718294505e-05,0.0,0.0
673,modules,1,4.037630718294505e-05,0.0,0.0
674,ObjectsIn,1,4.037630718294505e-05,0.0,0.0
675,corrupt,1,4.037630718294505e-05,0.0,0.0
676,javadoc,1,4.037630718294505e-05,0.0,0.0
678,whenquitting,1,4.037630718294505e-05,0.0,0.0
681,local,1,4.037630718294505e-05,0.0,0.0
159,ishandled,1,4.037630718294505e-05,0.0,0.0
684,created,1,4.037630718294505e-05,0.0,0.0
157,pointerYou,1,4.037630718294505e-05,0.0,0.0
687,realobjects,1,4.037630718294505e-05,0.0,0.0
688,another,1,4.037630718294505e-05,0.0,0.0
154,amethod,1,4.037630718294505e-05,0.0,0.0
691,short16,1,4.037630718294505e-05,0.0,0.0
692,executionsequence,1,4.037630718294505e-05,0.0,0.0
693,designed,1,4.037630718294505e-05,0.0,0.0
180,needsto,1,4.037630718294505e-05,0.0,0.0
181,arguments,1,4.037630718294505e-05,0.0,0.0
623,mandatory,1,4.037630718294505e-05,0.0,0.0
182,Arraysint,1,4.037630718294505e-05,0.0,0.0
554,processed,1,4.037630718294505e-05,0.0,0.0
218,thatspecify,1,4.037630718294505e-05,0.0,0.0
558,calledequals,1,4.037630718294505e-05,0.0,0.0
560,Pointers,1,4.037630718294505e-05,0.0,0.0
562,togroup,1,4.037630718294505e-05,0.0,0.0
216,Interfaces,1,4.037630718294505e-05,0.0,0.0
553,appropriate,1,4.037630718294505e-05,0.0,0.0
215,differently,1,4.037630718294505e-05,0.0,0.0
566,returnreturn,1,4.037630718294505e-05,0.0,0.0
567,operating,1,4.037630718294505e-05,0.0,0.0
568,What,1,4.037630718294505e-05,0.0,0.0
569,codedirectly,1,4.037630718294505e-05,0.0,0.0
214,objectsuperthe,1,4.037630718294505e-05,0.0,0.0
212,Terence,1,4.037630718294505e-05,0.0,0.0
565,try,1,4.037630718294505e-05,0.0,0.0
551,translated,1,4.037630718294505e-05,0.0,0.0
549,ExecutionAn,1,4.037630718294505e-05,0.0,0.0
548,notnecessary,1,4.037630718294505e-05,0.0,0.0
530,Sockets,1,4.037630718294505e-05,0.0,0.0
532,menus,1,4.037630718294505e-05,0.0,0.0
533,including,1,4.037630718294505e-05,0.0,0.0
223,parseInt,1,4.037630718294505e-05,0.0,0.0
536,objid,1,4.037630718294505e-05,0.0,0.0
537,otherJava,1,4.037630718294505e-05,0.0,0.0
538,current,1,4.037630718294505e-05,0.0,0.0
539,forfor,1,4.037630718294505e-05,0.0,0.0
540,AppletTemplate,1,4.037630718294505e-05,0.0,0.0
220,inaccessible,1,4.037630718294505e-05,0.0,0.0
542,tells,1,4.037630718294505e-05,0.0,0.0
543,AWT,1,4.037630718294505e-05,0.0,0.0
544,upper,1,4.037630718294505e-05,0.0,0.0
545,instead,1,4.037630718294505e-05,0.0,0.0
547,DLLs,1,4.037630718294505e-05,0.0,0.0
574,difficult,1,4.037630718294505e-05,0.0,0.0
225,flavors,1,4.037630718294505e-05,0.0,0.0
210,corner,1,4.037630718294505e-05,0.0,0.0
578,ofyour,1,4.037630718294505e-05,0.0,0.0
193,many,1,4.037630718294505e-05,0.0,0.0
605,computer,1,4.037630718294505e-05,0.0,0.0
606,making,1,4.037630718294505e-05,0.0,0.0
607,leaked,1,4.037630718294505e-05,0.0,0.0
609,plus,1,4.037630718294505e-05,0.0,0.0
190,intsVector,1,4.037630718294505e-05,0.0,0.0
194,phase,1,4.037630718294505e-05,0.0,0.0
611,Buttonnull,1,4.037630718294505e-05,0.0,0.0
614,disks,1,4.037630718294505e-05,0.0,0.0
189,BasicsTopics,1,4.037630718294505e-05,0.0,0.0
616,double64,1,4.037630718294505e-05,0.0,0.0
618,abc,1,4.037630718294505e-05,0.0,0.0
183,allJava,1,4.037630718294505e-05,0.0,0.0
620,index,1,4.037630718294505e-05,0.0,0.0
612,ExpressionsMost,1,4.037630718294505e-05,0.0,0.0
602,StructureA,1,4.037630718294505e-05,0.0,0.0
601,constants,1,4.037630718294505e-05,0.0,0.0
599,MML,1,4.037630718294505e-05,0.0,0.0
209,tosubclass,1,4.037630718294505e-05,0.0,0.0
580,arithmeticJava,1,4.037630718294505e-05,0.0,0.0
582,statdo,1,4.037630718294505e-05,0.0,0.0
584,content,1,4.037630718294505e-05,0.0,0.0
204,referring,1,4.037630718294505e-05,0.0,0.0
587,redrawn,1,4.037630718294505e-05,0.0,0.0
203,trivial,1,4.037630718294505e-05,0.0,0.0
590,Double,1,4.037630718294505e-05,0.0,0.0
201,StartingClassName,1,4.037630718294505e-05,0.0,0.0
200,pretend,1,4.037630718294505e-05,0.0,0.0
198,Parameters,1,4.037630718294505e-05,0.0,0.0
197,fragments,1,4.037630718294505e-05,0.0,0.0
595,efficiency,1,4.037630718294505e-05,0.0,0.0
596,StatementsStatementExamplesifif,1,4.037630718294505e-05,0.0,0.0
196,area,1,4.037630718294505e-05,0.0,0.0
577,stat2switchswitch,1,4.037630718294505e-05,0.0,0.0
506,closing,1,4.037630718294505e-05,0.0,0.0
